name,title_en,title_zh-hans,title_zh-hant,title_vi,title_ms,text_en,text_zh-hans,text_zh-hant,text_vi,text_ms,longitude,latitude,zoom,mobile-longitude-start,mobile-latitude-start,mobile-longitude-end,mobile-latitude-end,mobile-longitude,mobile-latitude,mobile-zoom,pitch,curve,color
Introduction,Introduction,前言,序言,Giới thiệu,Pengenalan,"Click next to explore the military presence of the four resident Pacific powers, followed by an examination of strategic port and airport projects in which China has either invested or expressed interest. Click on the bases shown on each map for further details. Only facilities that host naval, air, or significant expeditionary forces are shown. This is not intended to be an exhaustive list of military bases or China's involvement in Pacific infrastructure projects. For example, the China Harbour Engineering Corporation’s flawed development of the Lae Port Tidal Basin project in Papua New Guinea was not addressed because the Asian Development Bank is funding the project, not China. In the case of Australia, only facilities in the eastern half of the country are displayed. This feature is optimized for viewing on desktop, and will have limited capabilities on mobile. ",点击“下一页”，探索四个常驻太平洋的军事势力，然后查看中国已投资或表达过意向的战略性港口机场项目。点击各地图上显示的基地，了解更多详情。仅显示了驻有海军、空军或重要部署的设施。本文的目的不是逐一列举各军事基地或者中国参与的所有太平洋基础设施项目。例如，本文未提及中国港湾工程有限责任公司在巴布亚新几内亚进行的出现问题的巴新莱城港潮汐码头项目，因为资助该项目的是亚洲开发银行，而不是中国。就澳大利亚而言，仅显示了其东半部的设施。使用电脑浏览网页会有最佳体验，而在手机上的浏览效果会有局限。,按「下一步」瞭解太平洋四大力量的軍事部署，接著細查具有戰略價值且中國已經投資或有意投資的港口和機場工程。按一下出現在各地圖上的基地可查看細節。只顯示部署了海空或大規模遠征軍部隊的地點。這份資料並非詳盡的軍事基地清單，也未詳列中國參與的太平洋基礎建設工程。以中國港灣建設公司 (China Harbour Engineering Corporation) 在巴布亞紐幾內亞進行的存在缺陷的「萊城港潮汐碼頭」(Lae Port Tidal Basin) 開發工程為例，由於工程資助方是亞洲開發銀行 (Asian Development Bank) 而非中國，因此並未列出。至於澳洲，也只顯示位於該國東半部的設施。這項功能經最佳化調整適合使用桌上型電腦瀏覽，如用於行動裝置則只能發揮部分效能。,"Nhấn vào bên cạnh để tìm hiểu về sự hiện diện quân sự của bốn quốc gia Thái Bình Dương, tiếp sau đó là kiểm tra các dự án cảng và sân bay chiến lược mà Trung Quốc đã đầu tư hoặc bày tỏ sự quan tâm. Nhấn vào những căn cứ được hiển thị trên mỗi bản đồ để biết thêm chi tiết. Chỉ các cơ sở có các lực lượng hải quân, lực lượng không quân, hoặc lực lượng viễn chinh lớn được hiển thị. Bản đồ không nhằm mục đích liệt kê đầy đủ các căn cứ quân sự hoặc sự tham gia của Trung Quốc vào các dự án cơ sở hạ tầng ở Thái Bình Dương. Ví dụ, sự thiếu sót trong quá trình phát triển dự án Cảng Lưu vực Thuỷ triều Lae ở Papua Niu Ghi-nê của Tập đoàn Kỹ Thuật Cảng Trung Quốc không được nhắc tới vì Ngân hàng Phát triển Châu Á đang tài trợ cho dự án chứ không phải Trung Quốc. Trong trường hợp của Úc, chỉ có các cơ sở ở nửa phía đông của quốc gia được hiển thị. Tính năng này được tối ưu hóa để xem trên máy tính để bàn, và sẽ bị hạn chế trên thiết bị di động. ","Klik seterusnya untuk menerokai kehadiran ketenteraan empat kuasa residen Pasifik, diikuti dengan pemeriksaan projek-projek pelabuhan dan lapangan terbang strategik yang China telah laburkan atau menyatakan minat. Klik pada pangkalan yang dipaparkan pada setiap peta untuk mendapatkan maklumat lanjut. Hanya kemudahan yang menempatkan kehadiran pasukan tentera laut, udara atau ekspedisi yang ketara dipaparkan. Ini bukan bertujuan untuk menjadi sebuah senarai lengkap pangkalan tentera atau penglibatan China dalam projek infrastruktur Pasifik. Contohnya, pembangunan cacat Syarikat Kejuruteraan Pelabuhan China dalam projek Lae Port Tidal Basin di Papua New Guinea tidak dipaparkan kerana Bank Pembangunan Asia (ADB) telah membiayai projek tersebut, bukan China. Dalam kes Australia, hanya kemudahan di bahagian timur negara itu dipaparkan. Ciri ini dioptimumkan untuk dilihat pada komputer meja, dan akan mempunyai keupayaan yang terhad pada peranti mudah alih.",178.524,-15.729,2.25,,,,,170.437,0.576,1,0,1.5,
United States,United States,美国,美國,Hoa Kỳ,Amerika Syarikat,"The United States has been a resident power in the Pacific since 1898 when it occupied Guam and the Philippines in the wake of the Spanish-American War and annexed the Hawaiian Islands. Today the United States maintains military facilities across the Pacific, with large bases on the island of Oahu in Hawaii and on Guam, and smaller airfields between. 

In addition to the state of Hawaii, the United States has 10 territories in the Pacific Ocean, only three of which are inhabited: Guam, American Samoa, and the Commonwealth of the Northern Mariana Islands. The independent nations of Palau, the Republic of the Marshall Islands, and the Federated States of Micronesia have also been covered by Compacts of Free Association with the United States since 1986 (1994 for Palau). Under the compacts, the United States provides these nations with economic assistance, allows their citizens largely unrestricted access to the United States, and provides for their defense. In exchange, they provide the United States with exclusive access to their lands and waters for “strategic purposes.”
","1898 年美西战争后，美国占领了关岛和菲律宾并吞并了夏威夷群岛。自那以来，美国就已是太平洋地区的一个常驻势力。今天，美国在太平洋各地保留了军事设施，在关岛和夏威夷的瓦胡岛上均有大型基地，而在两岛之间的太平洋岛屿上有规模较小的机场。 

除了夏威夷州，美国在太平洋还有 10 处领地，其中仅三处有人居住：关岛、美属萨摩亚和北马里亚纳群岛自由邦。自 1986 年以后，帕劳、马绍尔群岛共和国、密克罗尼西亚联邦等独立国家也都与美国缔结《自由联合条约》（其中帕劳是自 1994 年以后）。根据该条约，美国向这些国家提供经济援助，允许它们的公民基本上无限制地进出美国，并为它们提供防御。作为交换，它们向美国提供专属的“因战略目的”进出其国土和水域的权利。 
","1898 年，繼美西戰爭及併吞夏威夷群島之後，美國佔領關島和菲律賓，自此成為太平洋區域的一股力量。如今，美國在太平洋各處仍有許多軍事設施，在夏威夷和關島也設有大型基地，更在兩地之間興建了較小型的飛機場。 

除夏威夷州之外，美國在太平洋還有 10 處領土，其中有人居住的只有三處：關島、美屬薩摩亞，以及北馬里亞納群島邦。帛琉、馬紹爾群島共和國以及密克羅尼西亞聯邦等獨立國家，也在 1986 年與美國簽訂了「自由聯盟協定」(帛琉是在 1994 簽訂的)。美國按照協定提供以上各國經濟援助，這些國家的公民可以自由出入美國，幾乎不受限制，此外，各國國防也由美國負責。而美國為此得到的，就是能夠在這些國家的土地及海域暢行無阻，藉此達到其「戰略目的」。 
","Hoa Kỳ là thế lực thường trú ở Thái Bình Dương kể từ năm 1898 khi chiếm đóng đảo Guam và Philíppin sau chiến tranh Mỹ-Tây Ban Nha và sáp nhập quần đảo Hawaii. Ngày nay, Hoa Kỳ duy trì các cơ sở quân sự trên khắp Thái Bình Dương, với những căn cứ lớn trên đảo Oahu ở Hawaii và trên đảo Guam, và các sân bay nhỏ hơn nằm giữa. 

Ngoài tiểu bang Hawaii, Hoa Kỳ còn có 10 vùng lãnh thổ ở Thái Bình Dương, chỉ ba trong số đó có cư dân sinh sống: Đảo Guam, đảo Xa-moa thuộc Mỹ, và khối Thịnh vượng chung ở Quần đảo Bắc Mariana. Các quốc gia độc lập Palau, Cộng hoà Quần đảo Mác-san, và Liên bang Maicrônêxia cũng đã được Hiệp ước Liên hợp Tự do với Hoa Kỳ bảo vệ từ năm 1986 (năm 1994 đối với Palau). Theo các hiệp ước, Hoa Kỳ cung cấp cho những quốc gia này hỗ trợ kinh tế, cho phép các công dân của họ có quyền vào lãnh thổ Hoa Kỳ mà không có nhiều hạn chế, và cung cấp lợi ích quốc phòng cho các quốc gia này. Đổi lại, các quốc gia này cung cấp cho Hoa Kỳ quyền tiếp cận độc quyền tới các vùng đất và biển của họ vì “các mục đích chiến lược.”
","Amerika Syarikat telah menjadi kuasa residen di Pasifik sejak tahun 1898 apabila ia menakluki Guam dan Filipina selepas Perang Sepanyol-Amerika dan mengambil alih Kepulauan Hawaii. Hari ini, Amerika Syarikat mengekalkan kemudahan ketenteraannya merentas Pasifik, dengan kewujudan pangkalan-pangkalan besar di pulau Oahu di Hawaii dan Guam, serta lapangan-lapangan terbang kecil di pulau-pulau itu. 

Selain negeri Hawaii, Amerika Syarikat mempunyai 10 buah wilayah di Lautan Pasifik, di mana hanya tiga yang dihuni: Guam, Samoa Amerika, dan Komanwel Kepulauan Mariana Utara. Negara-negara bebas Palau, Republik Kepulauan Marshall, dan Negara Persekutuan Micronesia juga diliputi oleh Perjanjian Persatuan Bebas dengan Amerika Syarikat sejak tahun 1986 (1994 untuk Palau). Di bawah perjanjian itu, Amerika Syarikat menyediakan bantuan ekonomi kepada negara-negara tersebut, memberikan rakyatnya akses tanpa had ke Amerika Syarikat, dan menyediakan pertahanan mereka. Sebagai balasan, mereka memberi Amerika Syarikat dengan akses eksklusif kepada daratan dan perairan mereka untuk “tujuan strategik.” 
",-161.8122878,3.989,2.5,-152.507,24.81,147.092,19.005,167.3271548,-16.90195082,1.5,40,1.5,#6688b9
France,France,法国,法國,Pháp,Perancis,"France has maintained a substantial presence in the Pacific since the mid-nineteenth century when it established a series of protectorates and later annexed several island kingdoms. There are currently three French administrative areas in the South Pacific: French Polynesia, Wallis and Futuna, and New Caledonia. French Polynesia and New Caledonia both host air and naval facilities. New Caledonia held a referendum on independence in November 2018, with voters narrowly electing to remain a part of France. The collectivity could hold another referendum in 2020 and French Polynesia could follow suit. ",十九世纪中叶，法国在太平洋建立了一系列保护领地，随后吞并了几个岛屿王国，自那以来，法国就已维持了相当的势力。目前，法国在南太平洋有三个行政区域：法属波利尼西亚、瓦利斯和富图纳群岛、新喀里多尼亚。法属波利尼西亚和新喀里多尼亚都有空军和海军设施。2018 年 11 月，新喀里多尼亚举行了一次独立公投，投票人们勉强选择了继续作为法国的一部分。新喀里多尼亚可能于 2020 年再举行一次公投，而法属波利尼西亚可能会跟进。,十九世紀中，法國在太平洋一連建立了幾個保護國，之後更併吞幾處島國，自此成為此區不容忽視的存在。目前，法國在南太平洋共有三個行政轄區：法屬波里尼西亞、瓦利斯及福杜納群島，以及新喀里多尼亞群島。法屬波里尼西亞和新喀里多尼亞群島皆為海空軍事基地。新喀里多尼亞群島在 2018 年 11 月舉辦公投，投票民眾以些微之差決定繼續接受法國管轄。當地人民可能將於 2020 年再次舉辦公投，屆時法屬波里尼西亞也有可能起而效之。,"Pháp đã duy trì sự hiện diện quan trọng ở Thái Bình Dương kể từ giữa thế kỷ 19 khi thành lập một loạt các nước thuộc địa và sau đó sátp nhập một số vương quốc đảo. Hiện tại có ba khu vực hành chính của Pháp ở Nam Thái Bình Dương: Pôlinexia thuộc Pháp, Wallis và Futuna, và Niu Calêđônia. Pôlinexia thuộc Pháp và Niu Calêđônia đều có các cơ sở không quân và hải quân. Niu Calêđônia đã tổ chức một cuộc trưng cầu dân ý về nền độc lập vào tháng 11 năm 2018, với rất ít các cử tri bỏ phiếu tiếp tục là một phần của Pháp. Tập thể khu vực này có thể tổ chức một cuộc trưng cầu dân ý khác vào năm 2020 và Pôlinexia thuộc Pháp có thể làm theo.","Perancis telah mengekalkan kehadiran yang besar di Pasifik sejak abad pertengahan kesembilan belas apabila ia menubuhkan beberapa negeri naungan dan kemudiannya mengilhakkan beberapa kerajaan pulau itu. Pada masa kini terdapat tiga kawasan pentadbiran Perancis di Pasifik Selatan: Polynesia Perancis, Wallis dan Futuna, dan New Caledonia. Polynesia Perancis dan New Caledonia kedua-duanya menempatkan kemudahan tentera udara dan laut. New Caledonia telah mengadakan sebuah referendum kemerdekaan pada bulan November 2018 yang lalu, dengan kemenangan tipis untuk kekal sebagai sebahagian daripada Perancis. Kolektiviti tersebut mungkin akan mengadakan satu lagi referendum pada tahun 2020 dan Polynesia Perancis mungkin turut mengikutinya.",-148.5503494,-16.431,2.75,-145.393,-20.964,165,-15.9,-171.2366493,-35.28377764,2.25,40,1.5,#f89c74
Australia,Australia,澳大利亚,澳洲,Úc,Australia,"Australia has served as a diplomatic, economic, and military leader in the Pacific for decades. Its easternmost territory, the formerly self-governing Norfolk Island, lies between New Caledonia and New Zealand. Australia administered the trust territories of Papua New Guinea and Nauru following World War Two until their independence. It also led the International Force East Timor peacekeeping operation from 1999-2000 and the multinational Regional Assistance Mission to the Solomon Islands from 2003 to 2017. Australian Defence Force units currently engage in disaster relief, training, and other operations across the region. According to the Lowy Institute’s Pacific Aid Map, from 2011-2018 Australia spent more on aid in the Pacific than the next five donors combined.",几十年来，澳大利亚一直是太平洋地区的一个外交、经济和军事领导者。澳大利亚领土最东端、曾经是自治领土的诺福克岛位于新喀里多尼亚与新西兰之间。二战后，澳大利亚一直管理其托管领地巴新和瑙鲁，直至它们独立。澳大利亚于 1999–2000 年间领导了在东帝汶的国际维和军事行动，2003 年至 2017 年领导了多国参加的所罗门群岛区域援助任务。澳大利亚国防军各部队目前参与本地区范围内的救灾、训练和其它行动。根据洛伊国际政策研究所的《太平洋援助地图》，在2011至2018 年期间，澳大利亚对太平洋地区的援助多于其它五个捐助国的援助总和。,無論是在外交、經濟或軍事方面，澳洲在太平洋地區皆扮演領袖的角色，時間長達數十年。諾福克島位於新喀里多尼亞群島和紐西蘭之間，原為自治國，如今是澳洲最東邊的領土。澳洲自二戰後開始管理巴布亞紐幾內亞及諾魯託管領土，直到兩國獨立為止。同時，1999 到 2000 年的東帝汶維和部隊，以及 2003 到 2017 年的多國聯軍所羅門群島區域援索團，澳洲均擔任領導國。澳洲國防部隊目前正在該區進行救災、訓練及其他行動。依據洛伊國際政策研究所製作的太平洋援助圖，自 2011 年到 2018 年，澳洲援助太平洋所花的經費比接下來五個捐助國的總經費還要高。,"Úc đã hoạt động với tư cách là quốc gia dẫn đầu về mặt ngoại giao, kinh tế, và quân sự ở Thái Bình Dương trong nhiều thập kỷ qua. Lãnh thổ cực đông của Úc, đảo Norfolk, trước đây là lãnh thổ tự trị, nằm giữa Niu Calêđônia và Niu Di-lân. Úc quản lý các lãnh thổ ủy trị là Papua Niu Ghi-nê và Nauru sau Thế Chiến Thứ 2 cho đến khi hai quốc gia này giành được độc lập. Úc cũng lãnh đạo hoạt động gìn giữ hòa bình của Lực lượng Quốc tế Đông Timo từ 1999-2000 và Phái đoàn Hỗ trợ Khu vực đa quốc gia tại Quần đảo Xôlômông từ năm 2003 đến 2017. Các đơn vị Lực lượng Quốc phòng Úc hiện đang tham gia cứu trợ thiên tai, huấn luyện, và các hoạt động khác trên toàn khu vực. Theo Bản đồ Viện trợ Thái Bình Dương của Viện Lowy, từ 2011-2018, Úc đã chi nhiều viện trợ ở Thái Bình Dương hơn so với tổng số viện trợ của năm quốc gia tài trợ kế tiếp.","Australia telah bertindak sebagai pemimpin diplomatik, ekonomi dan ketenteraan di Pasifik selama berdekad. Di wilayah paling timurnya, Pulau Norfolk yang sebelum ini merupakan sebuah wilayah pemerintahan-sendiri, terletak di antara New Caledonia dan New Zealand. Australia telah mentadbirkan wilayah amanah Papua New Guinea dan Nauru berikut Perang Dunia Kedua sehingga kemerdekaannya. Ia juga telah mengetuai operasi mengawal keamanan Pasukan Antarabangsa Timur Timor dari 1999-2000 dan Misi Bantuan Serantau ke Kepulauan Solomon dari 2003 hingga 2017. Unit Pasukan Pertahanan Australia kini  terlibat dalam bantuan bencana, latihan dan operasi lain merentas rantau itu. Merujuk Peta Bantuan Pasifik Institut Lowy, dari tahun 2011-2018, Australia telah membelanja lebih banyak terhadap bantuan di Pasifik berbanding gabungan lima penderma yang seterusnya.",148.665,-27.394,3.5,,,,,144.881,-21.331,3,40,1.5,#f6cf71
New Zealand,New Zealand,新西兰,紐西蘭,Niu Di-lân,New Zealand,"New Zealand has strong links to the smaller Pacific Island nations on its doorstep. In addition to the territory of Tokelau, New Zealand has Compacts of Free Association with the independent Cook Islands and Niue. New Zealand helped lead the Regional Assistance Mission to the Solomon Islands and its military regularly engages in training, disaster relief, and maritime security missions across the Pacific. The government of Prime Minister Jacinda Ardern has announced a “Pacific reset” policy to boost soft power and economic diplomacy in the region. The country has boosted its foreign aid budget to nearly $500 million over the next four years, most of which is earmarked for the Pacific Islands.",新西兰与邻近几个较小的太平洋岛国有密切联系。除了托克劳领地外，新西兰还与独立的库克群岛和纽埃签有《自由联合条约》。新西兰协同领导了所罗门群岛区域援助任务，它在太平洋地区的军事力量定期参与训练、救灾和海上安全行动。新西兰总理杰辛达·雅顿已宣布了一项“太平洋复位”政策，旨在提升新西兰在本地区的软实力和经济外交影响。新西兰已将今后四年的对外援助预算提升到将近 5 亿美元，其中大部分被指定用于太平洋岛国。,紐西蘭與鄰近幾個太平洋島小國之間有著非常深的關係。除托克勞群島領土外，紐西蘭也與柯克群島和紐威島等獨立國簽署自由聯盟協定。紐西蘭協助率領索羅門群島區域援索團，其軍隊也定期在太平洋區域進行訓練、救災及海防任務。嘉辛達．阿爾登總理政府宣佈了一項「太平洋重啟」(Pacific Reset) 政策，有意在該區推動軟實力與經濟外交。紐西蘭將接下來四年的海外救助預算提高到將近 5 億美元，其中大部分是太平洋島嶼專款。,"New Zealand có mối liên kết mạnh mẽ với các quốc đảo Thái Bình Dương nhỏ hơn lân cận. Ngoài lãnh thổ Tokelau, Niu Di-lân còn có Hiệp ước Liên hợp Tự do với Quần đảo độc lập Cook và Niue. Niu Di-lân đã giúp lãnh đạo Phái đoàn Hỗ trợ Khu vực tới Quần đảo Xôlômông và quân đội của họ thường xuyên tham gia huấn luyện, cứu trợ thiên tai, và các nhiệm vụ an ninh hàng hải trên khắp Thái Bình Dương. Chính phủ của Thủ tướng Jacinda Ardern đã công bố chính sách “Tái thiết lập Thái Bình Dương” để tăng cường quyền lực mềm và công tác ngoại giao kinh tế trong khu vực. Quốc gia này đã tăng ngân sách viện trợ nước ngoài lên gần 500 triệu USD trong vòng bốn năm tới, hầu hết trong số đó được dành cho Quần đảo Thái Bình Dương.","New Zealand mempunyai hubungan yang rapat dengan negara-negara di Kepulauan Pasifik yang lebih kecil. Selain wilayah Tokelau, New Zealand mempunyai Perjanjian Persatuan Bebas dengan Kepulauan Cook dan Niue yang merdeka. New Zealand telah membantu mengetuai Misi Bantuan Serantau ke Kepulauan Solomon dan angkatan tenteranya kerap menjalankan latihan, bantuan bencana, dan misi keselamatan maritim merentas Pasifik. Kerajaan Perdana Menteri Jacinda Ardern telah mengumumkan dasar “tetap semula Pacifik” untuk merangsang kekuasaan lunak dan diplomasi ekonomi di rantau tersebut. Negara itu telah meningkatkan belanjawan bantuan asingnya kepada hampir $500 juta bagi tempoh empat tahun berikutnya, di mana kebanyakannya telah diperuntukkan untuk Kepulauan Pasifik.",179.509,-42.692,3.5,,,,,174.588,-38.33,3,40,1.5,#00ad3b
China-1,"Luganville Wharf, Vanuatu",瓦努阿图，卢甘维尔码头,萬那杜盧甘維爾碼頭,"Cầu cảng Luganville, Va-nu-a-tu","Dermaga Luganville, Vanuatu","The nearly 1,200-foot wharf on Espiritu Santo, Vanuatu is the longest in the South Pacific, capable of hosting multiple cruise liners or cargo ships at once. The $93.4 million wharf was paid for via a loan from China and built by the Shanghai Construction Group, a Chinese contractor. Although Vanuatu officials had high hopes for the wharf’s business prospects, the Sydney Morning Herald reports that revenue has not been living up to predictions. In April 2018, reports out of Australia warned that China had paid for the wharf in the hopes of docking naval vessels there as part of a permanent military presence, and that Chinese and ni-Vanuatu officials had held preliminary discussions on the prospect. Officials from both nations denied the reports. ",瓦努阿图桑托岛上的将近 1200 英尺长的码头是南太平洋的最长码头，能同时容纳多艘邮轮或货轮。该码头造价 9340 万美元，通过一笔中国贷款支付，由中国承建商上海建工集团建造。虽然瓦努阿图官方对该码头的商业前景满怀希望，但据《悉尼先驱晨报》报道，其营收尚未达到预期。2018 年 4 月，来自澳大利亚的报道警告说，中国为这个码头买单是希望在此停泊海军舰艇，作为其永久性军事存在的一部分。而且中国和瓦努阿图政府官员已就其前景进行了初步讨论。不过两国官方均否定了这些报道。,"萬那杜聖靈島 (Espiritu Santo) 碼頭近 1,200 呎，是南太平洋最長的碼頭，足以同時容納多艘郵輪或貨輪。這座造價 934 億美元的碼頭是向中國貸款興建而成，建設工程也由中國承包商上海建工集團承攬。萬那杜官員十分期待這座碼頭能帶動商業繁榮，但據《雪梨晨鋒報》(Sydney Morning Herald) 報導，碼頭收入效益並不如預期。2018 年 4 月，澳洲本地的報導發出警訊，認為中國之所以資助這座碼頭的建設，目的是要將這座碼頭當成軍艦停泊點，企圖在此展開長期軍事部署計畫，報導也指出，中國和萬那杜的官員已經針對這方面進行過初步討論。兩國官員均否認報導內容。","Cầu cảng dài gần 1.200 foot trên Espiritu Santo, Va-nu-a-tu là cầu cảng dài nhất ở Nam Thái Bình Dương, có khả năng chứa nhiều tàu du lịch hoặc tàu chở hàng cùng một lúc. Cầu cảng có trị giá 93,4 triệu USD đã được xây dựng bởi Tập đoàn Xây dựng Thượng Hải, một nhà thầu Trung Quốc thông qua khoản vay từ Trung Quốc. Mặc dù các quan chức của Va-nu-a-tu có nhiều hy vọng về triển vọng kinh doanh của cầu cảng, nhưng tờ Tờ báo sáng Sydney báo cáo rằng doanh thu đã không đạt được theo dự đoán. Vào tháng 4 năm 2018, những báo cáo từ Úc cảnh báo rằng Trung Quốc đã chi trả cho cầu cảng với hy vọng đưa tàu hải quân cập cảng để có sự hiện diện quân sự thường trực, và các quan chức Trung Quốc và ni-Va-nu-a-tu đã tổ chức những cuộc thảo luận sơ bộ về triển vọng đó. Quan chức từ cả hai quốc gia đều phủ nhận những báo cáo này.","Dermaga sepanjang kira-kira 1,200 kaki di Espiritu Santo, Vanuatu adalah yang terpanjang di Selatan Pasifik dan berupaya untuk melabuhkan berbilang kapal persiaran atau kapal kargo sekali gus. Dermaga yang bernilai $93.4 juta itu telah dibayar melalui pinjaman dari China dan dibina oleh Shanghai Construction Group, sebuah kontraktor China. Walaupun kerajaan Vanuatu mempunyai harapan tinggi untuk projek perniagaan di dermaga tersebut, Sydney Morning Herald melaporkan bahawa pendapatannya tidak selaras dengan ramalannya. Pada bulan April 2018, laporan dari Australia memberi amaran bahawa China telah membayar untuk dermaga itu dengan harapan untuk melabuhkan kapal tenteranya di sana sebagai sebahagian daripada kehadiran ketenteraan tetapnya, dan bahawa China dan pegawai ni-Vanuatu telah mengadakan perbincangan awal tentang prospek tersebut. Pegawai dari kedua-dua negara itu telahmenafikan laporan itu.",170.496,-16,6,,,,,167.188,-14.577,4.75,40,1.5,#e06b91
China-2,"Faleolo International Airport, Samoa",萨摩亚，法莱奥洛国际机场,薩摩亞法萊奧洛國際機場,"Sân bay Quốc tế Faleolo, Xa-moa","Lapangan Terbang Antarabangsa Faleolo, Samoa","In May 2018, Samoa unveiled its newly-renovated Faleolo International Airport outside the capital, Apia. The upgraded airport has a new terminal more than double the size of the old one and will allow as many as 600,000 passengers a year. The two-stage project was funded by China’s Exim bank and the World Bank for nearly $60 million and was built by Shanghai Construction Group. Samoa owes China more than $160 million, or nearly half of its total external debt. Prime Minister Tuilaepa Sailele Malielegaoi has rejected concerns that the country’s debt level is unsustainable or that Pacific Island nations should seek loan forgiveness from China. ",2018 年 5 月，萨摩亚为其首都阿皮亚郊外刚刚改建的法莱奥洛国际机场举行了揭幕仪式。该机场升级后的新航站楼比旧航站楼大一倍多，年旅客吞吐量将高达 60 万人次。这个分两期的项目由中国进出口银行和世界银行资助近 6 千万美元，由上海建工集团建造。萨摩亚欠中国的债务超过 1.6 亿美元，接近其对外总债务的一半。萨摩亚总理图伊拉埃帕·萨伊莱莱·马利埃莱额奥伊已经拒绝了有关萨摩亚债务水平不可持续或太平洋岛国应寻求中国免除贷款的关切。,"2018 年 5 月，薩摩亞公開了該國在首都阿皮亞外圍翻修的法萊奧洛國際機場。補強翻新後的機場多了一處新航站，佔地是舊航站的兩倍以上，每年可容納的旅客數達 600,000 人次。這是一項兩階段工程，中國進出口銀行 (Exim Bank) 及世界銀行 (World Bank) 資助了近 6 千萬美元，負責的建設公司則是上海建工集團。薩摩亞向中國舉債超過 1.6 億美元，將近該國外債總金額的一半。薩摩亞總理馬利雷格奧伊否認該國無力償債，也拒絕效法其他太平洋島國要求中國撤銷債務之舉。","Vào tháng 5 năm 2018, Xa-moa công bố Sân bay Quốc tế Faleolo mới được cải tạo bên ngoài thủ đô Apia. Sân bay được nâng cấp có sảnh mới lớn hơn gấp đôi so với sảnh cũ và sẽ cho phép đón gần 600.000 hành khách mỗi năm. Dự án gồm hai giai đoạn được tài trợ bởi ngân hàng Exim của Trung Quốc và Ngân hàng Thế giới với số tiền gần 60 triệu USD và được xây dựng bởi Tập đoàn Xây dựng Thượng Hải. Xa-moa nợ Trung Quốc hơn 160 triệu USD, hay gần một nửa tổng số nợ nước ngoài của quốc gia này. Thủ tướng Tuilaepa Sailele Malielegaoi đã bác bỏ những quan ngại rằng mức nợ của quốc gia này ở mức không bền vững hoặc các quốc đảo Thái Bình Dương nên tìm cách để được Trung Quốc xóa nợ.","Pada bulan Mei 2018, Samoa melancarkan Lapangan Terbang Antarabangsa Faleolo yang baru diubah suai di luar ibu kotanya, Apia. Lapangan terbang yang di naik taraf itu kini mempunyai satu terminal baru yang bersaiz dua kali ganda lapangan terbang yang lama dan akan boleh menampung sebanyak 600,000 penumpang setahun. Projek dua peringkat itu dibiayai Bank Exim China dan Bank Dunia sebanyak hampir $60 juta dan telah dibina oleh Shanghai Construction Goup. Samoa berhutang China lebih $160 juta, atau hampir separuh daripada jumlah hutang luar negerinya. Perdana Menteri Tuilaepa Sailele Malielegaoi telah menolak kebimbangan bahawa tahap hutang negaranya adalah tidak mapan dan negara-negara Kepulauan Pasifik patut mendapatkan pemansuhan pinjaman daripada China.",-169.111,-13.231,6,,,,,-171.937,-12.873,6,40,1.5,#e06b91
China-3,"Vuna Wharf, Tonga",汤加，乌纳码头,東加烏納碼頭,"Cầu cảng Vuna, Tonga","Dermaga Vuna, Tonga","Vuna Wharf was rebuilt in 2011 thanks to a $18.3 million loan from China’s Exim bank. China Civil Engineering Construction Corporation was contracted to repair the century-old wharf, which has helped attract cruise ships and much-needed tourism to the capital, Nuku’alofa. Because of this and other large projects, Tonga owes China more than $115 million, or one-third of its GDP. In August 2018, Tonga’s prime minister ʻAkilisi Pōhiva called on Pacific Island states to collectively push China to forgive their debts, but quickly reversed course. At the APEC forum in November, Tonga agreed to join China’s Belt and Road Initiative and Beijing agreed to delay repayment of its loans for five years. ",得益于中国进出口银行的一笔 1830 万美元贷款，乌纳码头于 2011 年重建。中国土木工程集团有限公司承包修复了这个有一百年历史的码头。这项工程已帮助吸引了许多邮轮和急需的游客光临汤加首都努库阿洛法。因为乌纳码头重建以及其它大型项目，汤加欠中国的债务超过 1.15 亿美元，约是汤加 GDP 的三分之一。2018 年 8 月，汤加首相阿基利西·波希瓦号召太平洋岛国一起推动中国免除各自的债务，但很快又改变立场。在十一月的 APEC 论坛上，汤加同意加入中国的“一带一路”倡议，中国则同意给与汤加贷款五年延期。,東加向中國進出口銀行貸款 183 萬美元，於 2011 年重建烏納碼頭。中國土木工程集團有限公司承攬了這件工程，負責修復這座近百年歷史的碼頭，這座碼頭過去是郵輪停泊點，對該國首都努瓜婁發賴以存活的觀光業貢獻良多。因為這項工程及其他大型工程的緣故，東加積欠中國的債務超過 1.15 億美元，相當於該國 GDP 的三分之一。2018 年 8 月，東加總理阿基利西·波希瓦呼籲太平洋群島各國合作迫使中國撤銷債務，但這項提議隨即遭到推翻。11 月的 APEC 論壇，東加同意加入中國一帶一路計畫，而北京也同意將該國的償貸年限延長五年。,"Cầu cảng Vuna được xây dựng lại vào năm 2011 nhờ khoản vay 18,3 triệu USD từ ngân hàng Exim của Trung Quốc. Tập đoàn Xây dựng Kỹ thuật Dân dụng Trung Quốc đã được ký hợp đồng sửa chữa cầu cảng có tuổi đời một thế kỷ này, qua đó giúp thu hút các tàu du lịch và hoạt động du lịch rất cần thiết đến với thủ đô Nuku’alofa. Vì dự án này và các dự án lớn khác, Tonga nợ Trung Quốc hơn 115 triệu USD, hay một phần ba GDP của nước này. Vào tháng 8 năm 2018, thủ tướng của Tonga, ông Akilisi Pōhiva kêu gọi các quốc đảo Thái Bình Dương cùng nhau thúc đẩy Trung Quốc xóa nợ cho họ, nhưng nhanh chóng đảo ngược diễn biến. Tại diễn đàn APEC vào tháng 11, Tonga đồng ý tham gia Sáng kiến ​​Vành đai và Con đường của Trung Quốc và Bắc Kinh đồng ý trì hoãn việc trả nợ trong 5 năm.","Pembinaan semula Dermaga Vuna pada tahun 2011 berjaya dilaksanakan di bawah biaya pinjaman sebanyak $18.3 juta daripada bank Exim China. China Civil Engineering Construction Corporation telah dikontrakkan untuk membaiki dermaga yang berusia seabad itu, yang telah membantu menarik kapal-kapal persiaran dan pelancongan yang sangat diperlukan ke ibu kotanya, Nuku’alofa. Disebabkan projek ini dan projek besar yang lain, Tonga berhutang dengan China lebih $115 juta, atau satu pertiga daripada KDNKnya. Pada bulan Ogos 2018, perdana menteri Tonga ʻAkilisi Pōhiva telah menyeru negara-negara di Kepulauan Pasifik agar menggesa China secara kolektif untuk memansuhkan hutang mereka, tetapi dengan segera berubah haluan. Semasa di forum APEC pada bulan November, Tonga bersetuju untuk menyertai Inisiatif Jalur dan Laluan China dan Beijing bersetuju untuk menundakan pembayaran balik hutangnya selama lima tahun.",-172.176,-21.352,6,,,,,-175.204,-20.358,7,40,1.5,#e06b91
China-4,"Pacific Marine Industrial Zone, Papua New Guinea",巴新，太平洋渔业工业园区,巴布亞紐幾內亞 (PNG) 太平洋海洋產業區,"Khu Công nghiệp Biển Thái Bình Dương, PNG","Zon Industri Marin Pasifik, PNG","The Pacific Marine Industrial Zone (PMIZ) in Madang, Papua New Guinea was conceived as a major facility to enhance PNG’s fishing industry. The project was launched over a decade ago with an initial loan of $95 million from China’s Exim Bank. A wharf and ten tuna canneries were planned, with room for other relevant infrastructure. But despite spending $9 million of the original loan, the project struggled to move forward. Prime Minister Peter O’Neill announced a relaunched construction phase in 2015, predicting the industrial zone would earn the country as much as $4 billion per year once completed. To cover the new construction, China canceled the original loan and extended a new one of $156 million. But as of 2018, the project has little to show beyond an access road, fencing, and a gate.",位于巴新的马丹省太平洋渔业工业园区 (PMIZ) 被设想为发展巴新渔业的一个重大设施。该项目于十年前启动，首笔金额为9500万美元的贷款来自中国进出口银行。该项目规划了一个码头和十个金枪鱼罐头厂，并预留其它相关基础设施的使用空间。尽管已花费了九百万美元原始贷款，该项目仍然艰难推进。2015 年，巴新总理彼得·奥尼尔宣布重启建设，预计该工业园区一旦完工每年会为巴新带来多达 40 亿美元的收入。为配合新的建设期，中国取消了原始贷款，并增加了一笔 1.56 亿美元的新贷款。但截至 2018 年，该项目仍然仅有一条出入通道、一些围栏和一个大门。,"太平洋海洋產業區 (Pacific Marine Industrial Zone, PMIZ) 位於巴布亞紐幾內亞的馬當，是促進 PNG 漁業的重要設施。該國早在十餘年前便向中國進出口銀行初步貸款 9500 萬美元，開始推行這項工程。當時規劃興建一座碼頭和十座鮪魚罐頭加工廠，而且還有空間容納其他相關基礎設施。不過，初步貸款的 900 萬全數散盡之後，這項工程便停滯不前。巴布亞紐幾內亞總理彼德·歐尼爾預測，產業區一旦完工後，該國每年可望賺進 40 億美元的收入，於是就在 2015 年宣佈重啟施工階段。為因應新建設工程所需經費，中國取消了原本的貸款，又再借給該國 1.56 億美元。不過，截至 2018 年為止，除了聯絡道、圍牆和一座大門之外，這項工程幾乎沒有其他進度。","Khu Công nghiệp Biển Thái Bình Dương (Pacific Marine Industrial Zone, PMIZ) ở Madang, Papua Niu Ghi-nê được dự định làm cơ sở chính để tăng cường ngành đánh bắt của PNG. Dự án được triển khai hơn một thập kỷ trước với khoản vay ban đầu là 95 triệu USD từ Ngân hàng Exim của Trung Quốc. Một cầu cảng và mười nhà máy đồ hộp cá ngừ đã được lên kế hoạch, ngoài ra có chỗ cho các cơ sở hạ tầng liên quan khác. Nhưng mặc dù đã chi 9 triệu USD từ khoản vay ban đầu, dự án gặp nhiều khó khắn để tiếp tục triển khai. Thủ tướng Peter O’Neill tuyên bố giai đoạn xây dựng được triển khai lại vào năm 2015, dự đoán khu công nghiệp sẽ kiếm được cho quốc gia tối đa 4 tỷ USD mỗi năm sau khi hoàn thành. Để trang trải công trình mới, Trung Quốc đã hủy khoản vay ban đầu và gia hạn khoản vay mới trị giá 156 triệu USD. Nhưng kể từ năm 2018, dự án hầu như chưa xây dựng được gì ngoài đường vào, hàng rào, và cổng.","Zon Industri Marin Pasifik (PMIZ) di Madang, Papua New Guinea telah ditetapkan sebagai kemudahan utama untuk mempertingkatkan industri perikanan PNG. Projek tersebut telah dilancarkan lebih sedekad yang lalu dengan pinjaman awal sebanyak $95 juta daripada Bank Exim China. Satu pelabuhan dan sepuluh kilang pengetinan tuna telah dirancang, dengan ruang untuk infrastruktur relevan yang lain. Walaubagaimanapun, setelah membelanjakan $9 juta daripada pinjaman asal, projek itu mengalami kesulitan untuk diteruskan. Pada tahun 2015, Perdana Menteri Peter O’Neill mengumumkan pelancaran semula fasa pembinaan dan meramalkan bahawa zon industri itu akan memberikan pulangan kepada negara sebanyak $4 bilion setahun setelah projek itu siap. Untuk membiayai pembinaan baru itu, China telah membatalkan pinjaman awal dan melanjutkan sebuah pinjaman baru sebanyak $156 juta. Tetapi setakat tahun 2018, projek tersebut hanya menunjukkan sedikit perkembangan iaitu sekadar satu laluan akses, pagar dan sebuah pintu masuk.",148.42,-5.486,6,,,,,145.85,-5.301,5.6,40,1.5,#e06b91
China-5,"Black Rock Camp, Fiji",斐济，黑岩营,斐濟黑岩軍營,"Trại Đá Đen, Phi-gi","Kem Black Rock, Fiji","The Black Rock Camp—officially the Black Rock Peacekeeping and Humanitarian Assistance and Disaster Relief Camp—is a pre-deployment training camp for the Republic of Fiji Military Forces in Nadi. China put in a bid to redevelop the site, which, according to The Australian, would have included building an airport. But Fijian officials instead accepted a rival bid from Australia, which was reportedly a more comprehensive deal that will see the  camp become a regional training hub for militaries in the South Pacific. ",斐济楠迪市的黑岩营地的正式名称是“维和与人道主义援助及救灾营”，是斐济共和国军队的一个前期部署训练营。根据《澳大利亚人报》的报道，中国曾投标争取重新开发这片营地，标的可能包括建设一个机场。但斐济官方接受了澳大利亚的竞标。据报道，这是一个更全面的交易，该营地将成为南太平洋地区军队的一个区域训练中心。,黑岩軍營的正式名稱是「維和、人道援助與救災營」，是斐濟軍隊設在南迪的部署前訓練營。中國出價競標這處場地的重建工程，據《澳洲人報》(The Australian) 報導，工程項目還包括興建一座機場。不過，斐濟官員反而接受了澳洲的競標，報導指出，這項工程將會囊括更多方面，預計將這處營區打造成南太平洋區的軍事訓練中心。,"Trại Đá Đen—tên chính thức là Trại Gìn giữ Hòa bình, Hỗ trợ Nhân đạo, và Cứu trợ Thiên tai—là một trại huấn luyện trước khi triển khai cho Lực lượng Quân đội của nước Cộng hòa Phi-gi ở Nadi. Trung Quốc đã dự thầu để tái phát triển địa điểm này, mà theo tờ Người Úc, sẽ bao gồm việc xây dựng một sân bay. Nhưng các quan chức Phi-gi lại chấp nhận sự đấu thầu cạnh tranh từ Úc, theo báo cáo là một thoả thuận toàn diện hơn, giups trại trở thành trung tâm huấn luyện khu vực cho các lực lượng quân sự ở Nam Thái Bình Dương.","Kem Black Rock—secara rasmi Kem Bantuan Mengawal Keamanan dan Kemanusiaan dan Bantuan Bencana—ialah sebuah kem latihan prapengerahan untuk Pasukan Tentera Republik Fiji di Nadi. China telah membida untuk membangunkan semula kawasan itu, yang menurut The Australian, akan termasuk pembinaan sebuah lapangan terbang. Tetapi pihak Fiji sebaliknya telah menerima bida lawan daripada Australia, yang dilaporkan merupakan sebuah tawaran yang lebih menyeluruh yang akan membolehkan kem itu menjadi pusat latihan serantau untuk pasukan-pasukan tentera di Pasifik Selatan.",179.025,-18.109,6,,,,,177.699,-16.045,5.4,40,1.5,#e06b91
China-6,"Lombrum Naval Base, Papua New Guinea",巴新，隆布鲁海军基地,巴布亞紐幾內亞隆布魯海軍基地,"Căn cứ Hải quân Lombrum, PNG","Pangkalan Tentera Laut Lombrum, PNG","Lombrum Naval Base is a Papua New Guinea Defence Force (PNGDF) patrol boat base on Manus Island. It started as a U.S. Navy base during World War II, became a Royal Australian Navy refueling and storage port in the 1950s, and was handed over to the PNGDF in 1974. PNG has used the base for routine patrols and fishing surveillance, but the wharf is small and run down. China reportedly expressed interest in developing the strategically-located port at Lombrum earlier this year. In response, Australia signed a $3.6 million contract in September to upgrade the wharf and other infrastructure under its Pacific Maritime Security Program. During the Asia Pacific Economic Cooperation forum in Port Moreseby, PNG in November, Vice President Mike Pence announced the United States would partner with Australia and PNG on the project.",马努斯岛的隆布鲁海军基地是巴新国防军 (PNGDF) 的一个巡逻艇基地。二战期间，该地是美国的一个海军基地，二十世纪五十年代，它成为澳大利亚皇家海军的一个燃料补给与储存基地，1974 年被转交给 巴新国防军。巴新已利用该基地进行常规巡逻和渔业监控，但这个码头小而破旧。据报道，今年初，中国表示有兴趣开发隆布鲁的这个具有战略地位的港口。作为回应，今年九月份，澳大利亚签订了一份 360 万美元的合同，用以升级改造该码头和其《太平洋海上安全计划》涉及的其它基础设施。在今年十一月举行于巴新莫尔兹比港的亚太经济合作论坛期间，美国副总统彭斯宣布，美国将与澳大利亚和巴新合作建设这一项目。,"隆布魯海軍基地是位於馬努斯島的巴布亞紐幾內亞國防軍 (Papua New Guinea Defence Force, PNGDF) 巡邏艇基地。此地在二戰期間原本是美國海軍基地，1950 年代成為澳洲皇家海軍補給港，1974 年再由巴紐國防軍接管。巴布亞紐幾內亞以這處基地做為定期巡邏及漁業監管據點，但碼頭面積較小，也已破損老舊。據媒體報導，中國今年初表示有意在隆布魯開發具有重要戰略意義的港口。為予以反擊，澳洲在 9 月簽下一筆 360 萬美元的合約，將透過該國的「太平洋海洋安全計畫」補強翻新這座碼頭及其他基礎設施。11 月在巴布亞紐幾內亞摩斯比港參與亞太經濟合作會議期間，美國副總統宣佈該國將與澳洲及巴布亞紐幾內亞合作進行這項工程。","Căn cứ Hải quân Lombrum là một căn cứ tàu tuần tra của Lực lượng Quốc Phòng Papua Niu Ghi-nê (Papua New Guinea Defence Force, PNGDF) trên Đảo Manus. Ban đầu căn cứ này là một căn cứ của Hải quân Hoa Kỳ trong Thế Chiến Thứ 2, sau đó trở thành cảng tiếp nhiên liệu và cất trữ của Hải quân Hoàng gia Úc vào những năm 1950, và được bàn giao cho PNGDF vào năm 1974. PNG đã sử dụng căn cứ này để tuần tra định kỳ và kiểm soát hoạt động đánh bắt, nhưng cầu cảng này nhỏ và đang xuống cấp. Trung Quốc được báo cáo là đã thể hiện sự quan tâm tới việc xây dựng một cảng có vị trí chiến lược tại Lombrum vào đầu năm nay. Để đáp trả, Úc đã ký một hợp đồng trị giá 3,6 triệu USD vào tháng 9 để nâng cấp cầu cảng cũng như cơ sở hạ tầng khác trong Chương trình An ninh Hàng hải Thái Bình Dương của mình. Trong Diễn đàn Hợp tác Kinh tế Châu Á Thái Bình Dương tại Port Moreseby, PNG vào tháng 11, Phó Tổng thống Mike Pence đã tuyên bố rằng Hoa Kỳ sẽ hợp tác với Úc và PNG trong dự án này.","Pangkalan Tentera Laut Lombrum merupakan pangkalan bot peronda Pasukan Pertahanan Papua New Guinea (PNGDF) di Pulau Manus. Ia pada mulanya digunakan sebagai pangkalan Tentera Laut A.S. semasa Perang Dunia Kedua yang dijadikan pelabuhan pengisian minyak dan penyimpanan Tentera Laut Diraja Australia pada tahun 1950an, dan kemudian telah diberikan kepada PNGDF pada tahun 1974. PNG menggunakan pangkalan itu untuk rondaan rutin dan pengawasan perikanan, tetapi dermaga itu kecil dan usang. Pada awal tahun ini, China dilaporkan telah menyatakan minatnya untuk membangunkan pelabuhan yang terletak di kawasan strategik di Lombrum itu. Sebagai tindak balas, Australia menandatangani kontrak bernilai $3.6 juta pada bulan September untuk menaik taraf dermaga itu dan infrastruktur lain di bawah Program Keselamatan Maritim Pasifiknya. Semasa forum Kerjasama Ekonomi Asia Pasifik di Port Moresby, PNG pada bulan November, Naib Presiden Mike Pence mengumumkan bahawa Amerika Syarikat akan bekerjasama dengan Australia dan PNG dalam projek tersebut.",149.436,-1.552,6,,,,,147.436,-1.474,6,40,1.5,#e06b91
Conclusion,Conclusion,结语,結論,Kết luận,Rumusan,"Australia, New Zealand, France, and the United States are resident powers in the Pacific whose military facilities and longstanding security partnerships allow them to project power, to varying degrees, across the region. China currently lacks that ability. But as it seeks to develop a blue water navy and expeditionary forces capable of operating beyond East Asia, China is unsurprisingly interested in obtaining access to strategic ports and airfields like Lombrum, Black Rock, and perhaps Luganville in the Pacific Islands. It has done the same in the Indian Ocean at Djibouti, Gwadar, and possibly other locations. But while anxiety over eventual Chinese military access to such facilities is understandable, ballooning debts and the political strings attached to delaying or forgiving them present a more immediate and widespread problem for Pacific Island nations and the interests of the region’s traditional powers.",澳大利亚、新西兰、法国和美国是太平洋地区的常驻势力，其军事设施和长久安全伙伴关系使其可以在整个地区不同程度地投射军力。中国目前缺乏这个能力。但中国寻求发展一个蓝水海军和能在东亚以外行动的多支远洋部队，所以有兴趣获得进出位于太平洋岛国的战略港口和机场的权利（比如隆布鲁、黑岩，也许还有卢甘维尔）不足为奇。在印度洋的吉布提、瓜达尔以及其它有可能的地点，中国已经这样做了。对中国最终获得进出这些设施的军事权利，人们有理由表示焦虑。但是飙升的债务以及延迟或豁免这些债务所附带的政治条件，也给太平洋岛国和本地区的传统势力的利益带来一个更为直接和普遍的难题。,澳洲、紐西蘭、法國及美國是太平洋力量，由於其軍事設施與長期安全合作關係，這四國得以在太平洋區域展現不同程度的影響。中國目前仍欠缺這樣的能力。不過，中國力求培養足以在東亞以外作戰的遠洋海軍及遠洋部隊，顯然十分覬覦隆布魯、黑岩等具有戰略價值的港口和機場，或許就連太平洋島嶼的盧甘維爾也是其鎖定目標。中國在印度洋的吉布地、瓜達爾以及其他地點也曾經做過一樣的事。人們擔心中國軍力最終恐將進佔這些重地，這一點是可以理解的。不過，對於太平洋島嶼各國及此區傳統力量而言，鉅額債務以及因為延遲還款或免債而牽扯不斷的政治條件，才是目前更急迫、更普遍存在的問題。,"Úc, Niu Di-lân, Pháp, và Hoa Kỳ là các thế lực thường trú trên Thái Bình Dương với trang thiết bị quân sự và mối quan hệ đối tác an ninh lâu dài cho phép họ mở rộng thế lực ở nhiều cấp độ khác nhau trên khắp khu vực. Trung Quốc hiện đang thiếu khả năng đó. Nhưng khi Trung Quốc cố gắng xây dựng một lực lượng hải quân và viễn chinh có khả năng hoạt động bên ngoài Đông Á, không có gì ngạc nhiên khi Trung Quốc muốn có được quyền tiếp cận các cảng và sân bay chiến lược như Lombrum, Black Rock, và có lẽ là Luganville trên Quần Đảo Thái Bình Dương. Trung Quốc cũng làm điều tương tự trên Ấn Độ Dương tại Gi-bu-ti, Gwadar, và có thể tại những địa điểm khác. Mặc dù sự lo lắng về việc dần tiếp cận quân sự với các cơ sở đó của Trung Quốc là điều dễ hiểu, nhưng sự gia tăng các khoản nợ và chuỗi chính trị gắn liền với việc trì hoãn hoặc xóa bỏ các khoản nợ đó đang là vấn đề trước mắt và phổ biến hơn với các Quốc đảo Thái Bình Dương và với lợi ích của các thế lực truyền thống trong khu vực.","Australia, New Zealand, Perancis dan Amerika Syarikat adalah merupakan kuasa residen di Pasifik di mana kemudahan ketenteraan dan kerjasama keselamatannya sejak dahulu lagi telah membolehkan mereka untuk mempamerkan kuasa, ke pelbagai peringkat, merentas rantau tersebut. Pada masa ini, China tidak memiliki keupayaan itu. Tetapi di dalam proses  pembangunan angkatan laut lepas dan pasukan ekspedisi yang berupaya untuk beroperasi melampaui Asia Timur, adalah suatu yang tidak menghairankan apabila China juga berminat untuk mendapatkan akses kepada pelabuhan dan lapangan terbang kecil yang strategik seperti Lombrum, Black Rock, dan barangkali Luganville di Kepulauan Pasifik. China telah melakukan tindakan yang sama di Lautan Hindi; di Djibouti, Gwadar dan kemungkinan di lokasi yang lain juga. Walaupun keresahan berkenaan dengan akses ketenteraan China kepada kemudahan-kemudahan tersebut boleh difahami, hutang yang semakin meningkat dan ikatan politik yang dikaitkan kepada penundaan dan pemansuhan tersebut akan mendatangkan masalah dengan kadar yang lebih cepat dan berleluasa untuk negara-negara Kepulauan Pasifik dan kepentingan kuasa-kuasa tradisional di rantau tersebut.",-166.6918716,-15.729,2.75,,,,,170.437,0.576,1,30,1.5,